Path,Problem,Format,Objective,Dataset,Number of jobs,Number of machines,Time limit,Best known solution value,Best known bound
vallada2015/Small/VFR10_5_1_Gap.txt,permutationflowshopschedulingmakespan,flow-shop,makespan,permutationflowshopschedulingmakespan_vallada2015_small,10,5,2.25,695,
vallada2015/Small/VFR10_5_2_Gap.txt,permutationflowshopschedulingmakespan,flow-shop,makespan,permutationflowshopschedulingmakespan_vallada2015_small,10,5,2.25,698,
vallada2015/Small/VFR10_5_3_Gap.txt,permutationflowshopschedulingmakespan,flow-shop,makespan,permutationflowshopschedulingmakespan_vallada2015_small,10,5,2.25,728,
vallada2015/Small/VFR10_5_4_Gap.txt,permutationflowshopschedulingmakespan,flow-shop,makespan,permutationflowshopschedulingmakespan_vallada2015_small,10,5,2.25,697,
vallada2015/Small/VFR10_5_5_Gap.txt,permutationflowshopschedulingmakespan,flow-shop,makespan,permutationflowshopschedulingmakespan_vallada2015_small,10,5,2.25,713,
vallada2015/Small/VFR10_5_6_Gap.txt,permutationflowshopschedulingmakespan,flow-shop,makespan,permutationflowshopschedulingmakespan_vallada2015_small,10,5,2.25,748,
vallada2015/Small/VFR10_5_7_Gap.txt,permutationflowshopschedulingmakespan,flow-shop,makespan,permutationflowshopschedulingmakespan_vallada2015_small,10,5,2.25,728,
vallada2015/Small/VFR10_5_8_Gap.txt,permutationflowshopschedulingmakespan,flow-shop,makespan,permutationflowshopschedulingmakespan_vallada2015_small,10,5,2.25,683,
vallada2015/Small/VFR10_5_9_Gap.txt,permutationflowshopschedulingmakespan,flow-shop,makespan,permutationflowshopschedulingmakespan_vallada2015_small,10,5,2.25,761,
vallada2015/Small/VFR10_5_10_Gap.txt,permutationflowshopschedulingmakespan,flow-shop,makespan,permutationflowshopschedulingmakespan_vallada2015_small,10,5,2.25,664,
vallada2015/Small/VFR10_10_1_Gap.txt,permutationflowshopschedulingmakespan,flow-shop,makespan,permutationflowshopschedulingmakespan_vallada2015_small,10,10,4.5,1097,
vallada2015/Small/VFR10_10_2_Gap.txt,permutationflowshopschedulingmakespan,flow-shop,makespan,permutationflowshopschedulingmakespan_vallada2015_small,10,10,4.5,1146,
vallada2015/Small/VFR10_10_3_Gap.txt,permutationflowshopschedulingmakespan,flow-shop,makespan,permutationflowshopschedulingmakespan_vallada2015_small,10,10,4.5,1124,
vallada2015/Small/VFR10_10_4_Gap.txt,permutationflowshopschedulingmakespan,flow-shop,makespan,permutationflowshopschedulingmakespan_vallada2015_small,10,10,4.5,1038,
vallada2015/Small/VFR10_10_5_Gap.txt,permutationflowshopschedulingmakespan,flow-shop,makespan,permutationflowshopschedulingmakespan_vallada2015_small,10,10,4.5,1093,
vallada2015/Small/VFR10_10_6_Gap.txt,permutationflowshopschedulingmakespan,flow-shop,makespan,permutationflowshopschedulingmakespan_vallada2015_small,10,10,4.5,1085,
vallada2015/Small/VFR10_10_7_Gap.txt,permutationflowshopschedulingmakespan,flow-shop,makespan,permutationflowshopschedulingmakespan_vallada2015_small,10,10,4.5,1115,
vallada2015/Small/VFR10_10_8_Gap.txt,permutationflowshopschedulingmakespan,flow-shop,makespan,permutationflowshopschedulingmakespan_vallada2015_small,10,10,4.5,1113,
vallada2015/Small/VFR10_10_9_Gap.txt,permutationflowshopschedulingmakespan,flow-shop,makespan,permutationflowshopschedulingmakespan_vallada2015_small,10,10,4.5,1045,
vallada2015/Small/VFR10_10_10_Gap.txt,permutationflowshopschedulingmakespan,flow-shop,makespan,permutationflowshopschedulingmakespan_vallada2015_small,10,10,4.5,1099,
vallada2015/Small/VFR10_15_1_Gap.txt,permutationflowshopschedulingmakespan,flow-shop,makespan,permutationflowshopschedulingmakespan_vallada2015_small,10,15,6.75,1307,
vallada2015/Small/VFR10_15_2_Gap.txt,permutationflowshopschedulingmakespan,flow-shop,makespan,permutationflowshopschedulingmakespan_vallada2015_small,10,15,6.75,1399,
vallada2015/Small/VFR10_15_3_Gap.txt,permutationflowshopschedulingmakespan,flow-shop,makespan,permutationflowshopschedulingmakespan_vallada2015_small,10,15,6.75,1398,
vallada2015/Small/VFR10_15_4_Gap.txt,permutationflowshopschedulingmakespan,flow-shop,makespan,permutationflowshopschedulingmakespan_vallada2015_small,10,15,6.75,1452,
vallada2015/Small/VFR10_15_5_Gap.txt,permutationflowshopschedulingmakespan,flow-shop,makespan,permutationflowshopschedulingmakespan_vallada2015_small,10,15,6.75,1373,
vallada2015/Small/VFR10_15_6_Gap.txt,permutationflowshopschedulingmakespan,flow-shop,makespan,permutationflowshopschedulingmakespan_vallada2015_small,10,15,6.75,1329,
vallada2015/Small/VFR10_15_7_Gap.txt,permutationflowshopschedulingmakespan,flow-shop,makespan,permutationflowshopschedulingmakespan_vallada2015_small,10,15,6.75,1445,
vallada2015/Small/VFR10_15_8_Gap.txt,permutationflowshopschedulingmakespan,flow-shop,makespan,permutationflowshopschedulingmakespan_vallada2015_small,10,15,6.75,1443,
vallada2015/Small/VFR10_15_9_Gap.txt,permutationflowshopschedulingmakespan,flow-shop,makespan,permutationflowshopschedulingmakespan_vallada2015_small,10,15,6.75,1428,
vallada2015/Small/VFR10_15_10_Gap.txt,permutationflowshopschedulingmakespan,flow-shop,makespan,permutationflowshopschedulingmakespan_vallada2015_small,10,15,6.75,1461,
vallada2015/Small/VFR10_20_1_Gap.txt,permutationflowshopschedulingmakespan,flow-shop,makespan,permutationflowshopschedulingmakespan_vallada2015_small,10,20,9,1652,
vallada2015/Small/VFR10_20_2_Gap.txt,permutationflowshopschedulingmakespan,flow-shop,makespan,permutationflowshopschedulingmakespan_vallada2015_small,10,20,9,1759,
vallada2015/Small/VFR10_20_3_Gap.txt,permutationflowshopschedulingmakespan,flow-shop,makespan,permutationflowshopschedulingmakespan_vallada2015_small,10,20,9,1726,
vallada2015/Small/VFR10_20_4_Gap.txt,permutationflowshopschedulingmakespan,flow-shop,makespan,permutationflowshopschedulingmakespan_vallada2015_small,10,20,9,1678,
vallada2015/Small/VFR10_20_5_Gap.txt,permutationflowshopschedulingmakespan,flow-shop,makespan,permutationflowshopschedulingmakespan_vallada2015_small,10,20,9,1700,
vallada2015/Small/VFR10_20_6_Gap.txt,permutationflowshopschedulingmakespan,flow-shop,makespan,permutationflowshopschedulingmakespan_vallada2015_small,10,20,9,1889,
vallada2015/Small/VFR10_20_7_Gap.txt,permutationflowshopschedulingmakespan,flow-shop,makespan,permutationflowshopschedulingmakespan_vallada2015_small,10,20,9,1678,
vallada2015/Small/VFR10_20_8_Gap.txt,permutationflowshopschedulingmakespan,flow-shop,makespan,permutationflowshopschedulingmakespan_vallada2015_small,10,20,9,1655,
vallada2015/Small/VFR10_20_9_Gap.txt,permutationflowshopschedulingmakespan,flow-shop,makespan,permutationflowshopschedulingmakespan_vallada2015_small,10,20,9,1706,
vallada2015/Small/VFR10_20_10_Gap.txt,permutationflowshopschedulingmakespan,flow-shop,makespan,permutationflowshopschedulingmakespan_vallada2015_small,10,20,9,1663,
vallada2015/Small/VFR20_5_1_Gap.txt,permutationflowshopschedulingmakespan,flow-shop,makespan,permutationflowshopschedulingmakespan_vallada2015_small,20,5,4.5,1195,
vallada2015/Small/VFR20_5_2_Gap.txt,permutationflowshopschedulingmakespan,flow-shop,makespan,permutationflowshopschedulingmakespan_vallada2015_small,20,5,4.5,1290,
vallada2015/Small/VFR20_5_3_Gap.txt,permutationflowshopschedulingmakespan,flow-shop,makespan,permutationflowshopschedulingmakespan_vallada2015_small,20,5,4.5,1325,
vallada2015/Small/VFR20_5_4_Gap.txt,permutationflowshopschedulingmakespan,flow-shop,makespan,permutationflowshopschedulingmakespan_vallada2015_small,20,5,4.5,1128,
vallada2015/Small/VFR20_5_5_Gap.txt,permutationflowshopschedulingmakespan,flow-shop,makespan,permutationflowshopschedulingmakespan_vallada2015_small,20,5,4.5,1339,
vallada2015/Small/VFR20_5_6_Gap.txt,permutationflowshopschedulingmakespan,flow-shop,makespan,permutationflowshopschedulingmakespan_vallada2015_small,20,5,4.5,1066,
vallada2015/Small/VFR20_5_7_Gap.txt,permutationflowshopschedulingmakespan,flow-shop,makespan,permutationflowshopschedulingmakespan_vallada2015_small,20,5,4.5,1154,
vallada2015/Small/VFR20_5_8_Gap.txt,permutationflowshopschedulingmakespan,flow-shop,makespan,permutationflowshopschedulingmakespan_vallada2015_small,20,5,4.5,1102,
vallada2015/Small/VFR20_5_9_Gap.txt,permutationflowshopschedulingmakespan,flow-shop,makespan,permutationflowshopschedulingmakespan_vallada2015_small,20,5,4.5,1317,
vallada2015/Small/VFR20_5_10_Gap.txt,permutationflowshopschedulingmakespan,flow-shop,makespan,permutationflowshopschedulingmakespan_vallada2015_small,20,5,4.5,1243,
vallada2015/Small/VFR20_10_1_Gap.txt,permutationflowshopschedulingmakespan,flow-shop,makespan,permutationflowshopschedulingmakespan_vallada2015_small,20,10,9,1536,
vallada2015/Small/VFR20_10_2_Gap.txt,permutationflowshopschedulingmakespan,flow-shop,makespan,permutationflowshopschedulingmakespan_vallada2015_small,20,10,9,1527,
vallada2015/Small/VFR20_10_3_Gap.txt,permutationflowshopschedulingmakespan,flow-shop,makespan,permutationflowshopschedulingmakespan_vallada2015_small,20,10,9,1592,
vallada2015/Small/VFR20_10_4_Gap.txt,permutationflowshopschedulingmakespan,flow-shop,makespan,permutationflowshopschedulingmakespan_vallada2015_small,20,10,9,1442,
vallada2015/Small/VFR20_10_5_Gap.txt,permutationflowshopschedulingmakespan,flow-shop,makespan,permutationflowshopschedulingmakespan_vallada2015_small,20,10,9,1606,
vallada2015/Small/VFR20_10_6_Gap.txt,permutationflowshopschedulingmakespan,flow-shop,makespan,permutationflowshopschedulingmakespan_vallada2015_small,20,10,9,1578,
vallada2015/Small/VFR20_10_7_Gap.txt,permutationflowshopschedulingmakespan,flow-shop,makespan,permutationflowshopschedulingmakespan_vallada2015_small,20,10,9,1592,
vallada2015/Small/VFR20_10_8_Gap.txt,permutationflowshopschedulingmakespan,flow-shop,makespan,permutationflowshopschedulingmakespan_vallada2015_small,20,10,9,1580,
vallada2015/Small/VFR20_10_9_Gap.txt,permutationflowshopschedulingmakespan,flow-shop,makespan,permutationflowshopschedulingmakespan_vallada2015_small,20,10,9,1536,
vallada2015/Small/VFR20_10_10_Gap.txt,permutationflowshopschedulingmakespan,flow-shop,makespan,permutationflowshopschedulingmakespan_vallada2015_small,20,10,9,1494,
vallada2015/Small/VFR20_15_1_Gap.txt,permutationflowshopschedulingmakespan,flow-shop,makespan,permutationflowshopschedulingmakespan_vallada2015_small,20,15,13.5,1936,
vallada2015/Small/VFR20_15_2_Gap.txt,permutationflowshopschedulingmakespan,flow-shop,makespan,permutationflowshopschedulingmakespan_vallada2015_small,20,15,13.5,1905,
vallada2015/Small/VFR20_15_3_Gap.txt,permutationflowshopschedulingmakespan,flow-shop,makespan,permutationflowshopschedulingmakespan_vallada2015_small,20,15,13.5,1798,
vallada2015/Small/VFR20_15_4_Gap.txt,permutationflowshopschedulingmakespan,flow-shop,makespan,permutationflowshopschedulingmakespan_vallada2015_small,20,15,13.5,1826,
vallada2015/Small/VFR20_15_5_Gap.txt,permutationflowshopschedulingmakespan,flow-shop,makespan,permutationflowshopschedulingmakespan_vallada2015_small,20,15,13.5,1876,
vallada2015/Small/VFR20_15_6_Gap.txt,permutationflowshopschedulingmakespan,flow-shop,makespan,permutationflowshopschedulingmakespan_vallada2015_small,20,15,13.5,1962,
vallada2015/Small/VFR20_15_7_Gap.txt,permutationflowshopschedulingmakespan,flow-shop,makespan,permutationflowshopschedulingmakespan_vallada2015_small,20,15,13.5,1933,
vallada2015/Small/VFR20_15_8_Gap.txt,permutationflowshopschedulingmakespan,flow-shop,makespan,permutationflowshopschedulingmakespan_vallada2015_small,20,15,13.5,1822,
vallada2015/Small/VFR20_15_9_Gap.txt,permutationflowshopschedulingmakespan,flow-shop,makespan,permutationflowshopschedulingmakespan_vallada2015_small,20,15,13.5,1940,
vallada2015/Small/VFR20_15_10_Gap.txt,permutationflowshopschedulingmakespan,flow-shop,makespan,permutationflowshopschedulingmakespan_vallada2015_small,20,15,13.5,1864,
vallada2015/Small/VFR20_20_1_Gap.txt,permutationflowshopschedulingmakespan,flow-shop,makespan,permutationflowshopschedulingmakespan_vallada2015_small,20,20,18,2270,
vallada2015/Small/VFR20_20_2_Gap.txt,permutationflowshopschedulingmakespan,flow-shop,makespan,permutationflowshopschedulingmakespan_vallada2015_small,20,20,18,2170,
vallada2015/Small/VFR20_20_3_Gap.txt,permutationflowshopschedulingmakespan,flow-shop,makespan,permutationflowshopschedulingmakespan_vallada2015_small,20,20,18,2285,
vallada2015/Small/VFR20_20_4_Gap.txt,permutationflowshopschedulingmakespan,flow-shop,makespan,permutationflowshopschedulingmakespan_vallada2015_small,20,20,18,2165,
vallada2015/Small/VFR20_20_5_Gap.txt,permutationflowshopschedulingmakespan,flow-shop,makespan,permutationflowshopschedulingmakespan_vallada2015_small,20,20,18,2225,
vallada2015/Small/VFR20_20_6_Gap.txt,permutationflowshopschedulingmakespan,flow-shop,makespan,permutationflowshopschedulingmakespan_vallada2015_small,20,20,18,2291,
vallada2015/Small/VFR20_20_7_Gap.txt,permutationflowshopschedulingmakespan,flow-shop,makespan,permutationflowshopschedulingmakespan_vallada2015_small,20,20,18,2282,
vallada2015/Small/VFR20_20_8_Gap.txt,permutationflowshopschedulingmakespan,flow-shop,makespan,permutationflowshopschedulingmakespan_vallada2015_small,20,20,18,2178,
vallada2015/Small/VFR20_20_9_Gap.txt,permutationflowshopschedulingmakespan,flow-shop,makespan,permutationflowshopschedulingmakespan_vallada2015_small,20,20,18,2358,
vallada2015/Small/VFR20_20_10_Gap.txt,permutationflowshopschedulingmakespan,flow-shop,makespan,permutationflowshopschedulingmakespan_vallada2015_small,20,20,18,2199,
vallada2015/Small/VFR30_5_1_Gap.txt,permutationflowshopschedulingmakespan,flow-shop,makespan,permutationflowshopschedulingmakespan_vallada2015_small,30,5,6.75,1820,
vallada2015/Small/VFR30_5_2_Gap.txt,permutationflowshopschedulingmakespan,flow-shop,makespan,permutationflowshopschedulingmakespan_vallada2015_small,30,5,6.75,1591,
vallada2015/Small/VFR30_5_3_Gap.txt,permutationflowshopschedulingmakespan,flow-shop,makespan,permutationflowshopschedulingmakespan_vallada2015_small,30,5,6.75,1703,
vallada2015/Small/VFR30_5_4_Gap.txt,permutationflowshopschedulingmakespan,flow-shop,makespan,permutationflowshopschedulingmakespan_vallada2015_small,30,5,6.75,1781,
vallada2015/Small/VFR30_5_5_Gap.txt,permutationflowshopschedulingmakespan,flow-shop,makespan,permutationflowshopschedulingmakespan_vallada2015_small,30,5,6.75,1715,
vallada2015/Small/VFR30_5_6_Gap.txt,permutationflowshopschedulingmakespan,flow-shop,makespan,permutationflowshopschedulingmakespan_vallada2015_small,30,5,6.75,1878,
vallada2015/Small/VFR30_5_7_Gap.txt,permutationflowshopschedulingmakespan,flow-shop,makespan,permutationflowshopschedulingmakespan_vallada2015_small,30,5,6.75,1749,
vallada2015/Small/VFR30_5_8_Gap.txt,permutationflowshopschedulingmakespan,flow-shop,makespan,permutationflowshopschedulingmakespan_vallada2015_small,30,5,6.75,1728,
vallada2015/Small/VFR30_5_9_Gap.txt,permutationflowshopschedulingmakespan,flow-shop,makespan,permutationflowshopschedulingmakespan_vallada2015_small,30,5,6.75,1735,
vallada2015/Small/VFR30_5_10_Gap.txt,permutationflowshopschedulingmakespan,flow-shop,makespan,permutationflowshopschedulingmakespan_vallada2015_small,30,5,6.75,1666,
vallada2015/Small/VFR30_10_1_Gap.txt,permutationflowshopschedulingmakespan,flow-shop,makespan,permutationflowshopschedulingmakespan_vallada2015_small,30,10,13.5,1969,
vallada2015/Small/VFR30_10_2_Gap.txt,permutationflowshopschedulingmakespan,flow-shop,makespan,permutationflowshopschedulingmakespan_vallada2015_small,30,10,13.5,2119,
vallada2015/Small/VFR30_10_3_Gap.txt,permutationflowshopschedulingmakespan,flow-shop,makespan,permutationflowshopschedulingmakespan_vallada2015_small,30,10,13.5,2113,
vallada2015/Small/VFR30_10_4_Gap.txt,permutationflowshopschedulingmakespan,flow-shop,makespan,permutationflowshopschedulingmakespan_vallada2015_small,30,10,13.5,1976,
vallada2015/Small/VFR30_10_5_Gap.txt,permutationflowshopschedulingmakespan,flow-shop,makespan,permutationflowshopschedulingmakespan_vallada2015_small,30,10,13.5,2066,
vallada2015/Small/VFR30_10_6_Gap.txt,permutationflowshopschedulingmakespan,flow-shop,makespan,permutationflowshopschedulingmakespan_vallada2015_small,30,10,13.5,2060,
vallada2015/Small/VFR30_10_7_Gap.txt,permutationflowshopschedulingmakespan,flow-shop,makespan,permutationflowshopschedulingmakespan_vallada2015_small,30,10,13.5,1987,
vallada2015/Small/VFR30_10_8_Gap.txt,permutationflowshopschedulingmakespan,flow-shop,makespan,permutationflowshopschedulingmakespan_vallada2015_small,30,10,13.5,1914,
vallada2015/Small/VFR30_10_9_Gap.txt,permutationflowshopschedulingmakespan,flow-shop,makespan,permutationflowshopschedulingmakespan_vallada2015_small,30,10,13.5,1931,
vallada2015/Small/VFR30_10_10_Gap.txt,permutationflowshopschedulingmakespan,flow-shop,makespan,permutationflowshopschedulingmakespan_vallada2015_small,30,10,13.5,1939,
vallada2015/Small/VFR30_15_1_Gap.txt,permutationflowshopschedulingmakespan,flow-shop,makespan,permutationflowshopschedulingmakespan_vallada2015_small,30,15,20.25,2419,
vallada2015/Small/VFR30_15_2_Gap.txt,permutationflowshopschedulingmakespan,flow-shop,makespan,permutationflowshopschedulingmakespan_vallada2015_small,30,15,20.25,2366,
vallada2015/Small/VFR30_15_3_Gap.txt,permutationflowshopschedulingmakespan,flow-shop,makespan,permutationflowshopschedulingmakespan_vallada2015_small,30,15,20.25,2330,
vallada2015/Small/VFR30_15_4_Gap.txt,permutationflowshopschedulingmakespan,flow-shop,makespan,permutationflowshopschedulingmakespan_vallada2015_small,30,15,20.25,2468,
vallada2015/Small/VFR30_15_5_Gap.txt,permutationflowshopschedulingmakespan,flow-shop,makespan,permutationflowshopschedulingmakespan_vallada2015_small,30,15,20.25,2436,
vallada2015/Small/VFR30_15_6_Gap.txt,permutationflowshopschedulingmakespan,flow-shop,makespan,permutationflowshopschedulingmakespan_vallada2015_small,30,15,20.25,2336,
vallada2015/Small/VFR30_15_7_Gap.txt,permutationflowshopschedulingmakespan,flow-shop,makespan,permutationflowshopschedulingmakespan_vallada2015_small,30,15,20.25,2324,
vallada2015/Small/VFR30_15_8_Gap.txt,permutationflowshopschedulingmakespan,flow-shop,makespan,permutationflowshopschedulingmakespan_vallada2015_small,30,15,20.25,2366,
vallada2015/Small/VFR30_15_9_Gap.txt,permutationflowshopschedulingmakespan,flow-shop,makespan,permutationflowshopschedulingmakespan_vallada2015_small,30,15,20.25,2267,
vallada2015/Small/VFR30_15_10_Gap.txt,permutationflowshopschedulingmakespan,flow-shop,makespan,permutationflowshopschedulingmakespan_vallada2015_small,30,15,20.25,2421,
vallada2015/Small/VFR30_20_1_Gap.txt,permutationflowshopschedulingmakespan,flow-shop,makespan,permutationflowshopschedulingmakespan_vallada2015_small,30,20,27,2659,
vallada2015/Small/VFR30_20_2_Gap.txt,permutationflowshopschedulingmakespan,flow-shop,makespan,permutationflowshopschedulingmakespan_vallada2015_small,30,20,27,2864,
vallada2015/Small/VFR30_20_3_Gap.txt,permutationflowshopschedulingmakespan,flow-shop,makespan,permutationflowshopschedulingmakespan_vallada2015_small,30,20,27,2803,
vallada2015/Small/VFR30_20_4_Gap.txt,permutationflowshopschedulingmakespan,flow-shop,makespan,permutationflowshopschedulingmakespan_vallada2015_small,30,20,27,2709,
vallada2015/Small/VFR30_20_5_Gap.txt,permutationflowshopschedulingmakespan,flow-shop,makespan,permutationflowshopschedulingmakespan_vallada2015_small,30,20,27,2684,
vallada2015/Small/VFR30_20_6_Gap.txt,permutationflowshopschedulingmakespan,flow-shop,makespan,permutationflowshopschedulingmakespan_vallada2015_small,30,20,27,2745,
vallada2015/Small/VFR30_20_7_Gap.txt,permutationflowshopschedulingmakespan,flow-shop,makespan,permutationflowshopschedulingmakespan_vallada2015_small,30,20,27,2747,
vallada2015/Small/VFR30_20_8_Gap.txt,permutationflowshopschedulingmakespan,flow-shop,makespan,permutationflowshopschedulingmakespan_vallada2015_small,30,20,27,2826,
vallada2015/Small/VFR30_20_9_Gap.txt,permutationflowshopschedulingmakespan,flow-shop,makespan,permutationflowshopschedulingmakespan_vallada2015_small,30,20,27,2823,
vallada2015/Small/VFR30_20_10_Gap.txt,permutationflowshopschedulingmakespan,flow-shop,makespan,permutationflowshopschedulingmakespan_vallada2015_small,30,20,27,2836,
vallada2015/Small/VFR40_5_1_Gap.txt,permutationflowshopschedulingmakespan,flow-shop,makespan,permutationflowshopschedulingmakespan_vallada2015_small,40,5,9,2396,
vallada2015/Small/VFR40_5_2_Gap.txt,permutationflowshopschedulingmakespan,flow-shop,makespan,permutationflowshopschedulingmakespan_vallada2015_small,40,5,9,2449,
vallada2015/Small/VFR40_5_3_Gap.txt,permutationflowshopschedulingmakespan,flow-shop,makespan,permutationflowshopschedulingmakespan_vallada2015_small,40,5,9,2174,
vallada2015/Small/VFR40_5_4_Gap.txt,permutationflowshopschedulingmakespan,flow-shop,makespan,permutationflowshopschedulingmakespan_vallada2015_small,40,5,9,2150,
vallada2015/Small/VFR40_5_5_Gap.txt,permutationflowshopschedulingmakespan,flow-shop,makespan,permutationflowshopschedulingmakespan_vallada2015_small,40,5,9,2260,
vallada2015/Small/VFR40_5_6_Gap.txt,permutationflowshopschedulingmakespan,flow-shop,makespan,permutationflowshopschedulingmakespan_vallada2015_small,40,5,9,2154,
vallada2015/Small/VFR40_5_7_Gap.txt,permutationflowshopschedulingmakespan,flow-shop,makespan,permutationflowshopschedulingmakespan_vallada2015_small,40,5,9,2215,
vallada2015/Small/VFR40_5_8_Gap.txt,permutationflowshopschedulingmakespan,flow-shop,makespan,permutationflowshopschedulingmakespan_vallada2015_small,40,5,9,2414,
vallada2015/Small/VFR40_5_9_Gap.txt,permutationflowshopschedulingmakespan,flow-shop,makespan,permutationflowshopschedulingmakespan_vallada2015_small,40,5,9,2305,
vallada2015/Small/VFR40_5_10_Gap.txt,permutationflowshopschedulingmakespan,flow-shop,makespan,permutationflowshopschedulingmakespan_vallada2015_small,40,5,9,2348,
vallada2015/Small/VFR40_10_1_Gap.txt,permutationflowshopschedulingmakespan,flow-shop,makespan,permutationflowshopschedulingmakespan_vallada2015_small,40,10,18,2502,
vallada2015/Small/VFR40_10_2_Gap.txt,permutationflowshopschedulingmakespan,flow-shop,makespan,permutationflowshopschedulingmakespan_vallada2015_small,40,10,18,2446,
vallada2015/Small/VFR40_10_3_Gap.txt,permutationflowshopschedulingmakespan,flow-shop,makespan,permutationflowshopschedulingmakespan_vallada2015_small,40,10,18,2431,
vallada2015/Small/VFR40_10_4_Gap.txt,permutationflowshopschedulingmakespan,flow-shop,makespan,permutationflowshopschedulingmakespan_vallada2015_small,40,10,18,2514,
vallada2015/Small/VFR40_10_5_Gap.txt,permutationflowshopschedulingmakespan,flow-shop,makespan,permutationflowshopschedulingmakespan_vallada2015_small,40,10,18,2460,
vallada2015/Small/VFR40_10_6_Gap.txt,permutationflowshopschedulingmakespan,flow-shop,makespan,permutationflowshopschedulingmakespan_vallada2015_small,40,10,18,2607,
vallada2015/Small/VFR40_10_7_Gap.txt,permutationflowshopschedulingmakespan,flow-shop,makespan,permutationflowshopschedulingmakespan_vallada2015_small,40,10,18,2595,
vallada2015/Small/VFR40_10_8_Gap.txt,permutationflowshopschedulingmakespan,flow-shop,makespan,permutationflowshopschedulingmakespan_vallada2015_small,40,10,18,2526,
vallada2015/Small/VFR40_10_9_Gap.txt,permutationflowshopschedulingmakespan,flow-shop,makespan,permutationflowshopschedulingmakespan_vallada2015_small,40,10,18,2503,
vallada2015/Small/VFR40_10_10_Gap.txt,permutationflowshopschedulingmakespan,flow-shop,makespan,permutationflowshopschedulingmakespan_vallada2015_small,40,10,18,2513,
vallada2015/Small/VFR40_15_1_Gap.txt,permutationflowshopschedulingmakespan,flow-shop,makespan,permutationflowshopschedulingmakespan_vallada2015_small,40,15,27,3053,
vallada2015/Small/VFR40_15_2_Gap.txt,permutationflowshopschedulingmakespan,flow-shop,makespan,permutationflowshopschedulingmakespan_vallada2015_small,40,15,27,2859,
vallada2015/Small/VFR40_15_3_Gap.txt,permutationflowshopschedulingmakespan,flow-shop,makespan,permutationflowshopschedulingmakespan_vallada2015_small,40,15,27,2971,
vallada2015/Small/VFR40_15_4_Gap.txt,permutationflowshopschedulingmakespan,flow-shop,makespan,permutationflowshopschedulingmakespan_vallada2015_small,40,15,27,2961,
vallada2015/Small/VFR40_15_5_Gap.txt,permutationflowshopschedulingmakespan,flow-shop,makespan,permutationflowshopschedulingmakespan_vallada2015_small,40,15,27,2999,
vallada2015/Small/VFR40_15_6_Gap.txt,permutationflowshopschedulingmakespan,flow-shop,makespan,permutationflowshopschedulingmakespan_vallada2015_small,40,15,27,2853,
vallada2015/Small/VFR40_15_7_Gap.txt,permutationflowshopschedulingmakespan,flow-shop,makespan,permutationflowshopschedulingmakespan_vallada2015_small,40,15,27,2907,
vallada2015/Small/VFR40_15_8_Gap.txt,permutationflowshopschedulingmakespan,flow-shop,makespan,permutationflowshopschedulingmakespan_vallada2015_small,40,15,27,2952,
vallada2015/Small/VFR40_15_9_Gap.txt,permutationflowshopschedulingmakespan,flow-shop,makespan,permutationflowshopschedulingmakespan_vallada2015_small,40,15,27,2739,
vallada2015/Small/VFR40_15_10_Gap.txt,permutationflowshopschedulingmakespan,flow-shop,makespan,permutationflowshopschedulingmakespan_vallada2015_small,40,15,27,2983,
vallada2015/Small/VFR40_20_1_Gap.txt,permutationflowshopschedulingmakespan,flow-shop,makespan,permutationflowshopschedulingmakespan_vallada2015_small,40,20,36,3345,
vallada2015/Small/VFR40_20_2_Gap.txt,permutationflowshopschedulingmakespan,flow-shop,makespan,permutationflowshopschedulingmakespan_vallada2015_small,40,20,36,3259,
vallada2015/Small/VFR40_20_3_Gap.txt,permutationflowshopschedulingmakespan,flow-shop,makespan,permutationflowshopschedulingmakespan_vallada2015_small,40,20,36,3275,
vallada2015/Small/VFR40_20_4_Gap.txt,permutationflowshopschedulingmakespan,flow-shop,makespan,permutationflowshopschedulingmakespan_vallada2015_small,40,20,36,3277,
vallada2015/Small/VFR40_20_5_Gap.txt,permutationflowshopschedulingmakespan,flow-shop,makespan,permutationflowshopschedulingmakespan_vallada2015_small,40,20,36,3094,
vallada2015/Small/VFR40_20_6_Gap.txt,permutationflowshopschedulingmakespan,flow-shop,makespan,permutationflowshopschedulingmakespan_vallada2015_small,40,20,36,3239,
vallada2015/Small/VFR40_20_7_Gap.txt,permutationflowshopschedulingmakespan,flow-shop,makespan,permutationflowshopschedulingmakespan_vallada2015_small,40,20,36,3265,
vallada2015/Small/VFR40_20_8_Gap.txt,permutationflowshopschedulingmakespan,flow-shop,makespan,permutationflowshopschedulingmakespan_vallada2015_small,40,20,36,3291,
vallada2015/Small/VFR40_20_9_Gap.txt,permutationflowshopschedulingmakespan,flow-shop,makespan,permutationflowshopschedulingmakespan_vallada2015_small,40,20,36,3370,
vallada2015/Small/VFR40_20_10_Gap.txt,permutationflowshopschedulingmakespan,flow-shop,makespan,permutationflowshopschedulingmakespan_vallada2015_small,40,20,36,3148,
vallada2015/Small/VFR50_5_1_Gap.txt,permutationflowshopschedulingmakespan,flow-shop,makespan,permutationflowshopschedulingmakespan_vallada2015_small,50,5,11.25,3055,
vallada2015/Small/VFR50_5_2_Gap.txt,permutationflowshopschedulingmakespan,flow-shop,makespan,permutationflowshopschedulingmakespan_vallada2015_small,50,5,11.25,2857,
vallada2015/Small/VFR50_5_3_Gap.txt,permutationflowshopschedulingmakespan,flow-shop,makespan,permutationflowshopschedulingmakespan_vallada2015_small,50,5,11.25,2746,
vallada2015/Small/VFR50_5_4_Gap.txt,permutationflowshopschedulingmakespan,flow-shop,makespan,permutationflowshopschedulingmakespan_vallada2015_small,50,5,11.25,2853,
vallada2015/Small/VFR50_5_5_Gap.txt,permutationflowshopschedulingmakespan,flow-shop,makespan,permutationflowshopschedulingmakespan_vallada2015_small,50,5,11.25,2869,
vallada2015/Small/VFR50_5_6_Gap.txt,permutationflowshopschedulingmakespan,flow-shop,makespan,permutationflowshopschedulingmakespan_vallada2015_small,50,5,11.25,2874,
vallada2015/Small/VFR50_5_7_Gap.txt,permutationflowshopschedulingmakespan,flow-shop,makespan,permutationflowshopschedulingmakespan_vallada2015_small,50,5,11.25,2601,
vallada2015/Small/VFR50_5_8_Gap.txt,permutationflowshopschedulingmakespan,flow-shop,makespan,permutationflowshopschedulingmakespan_vallada2015_small,50,5,11.25,2684,
vallada2015/Small/VFR50_5_9_Gap.txt,permutationflowshopschedulingmakespan,flow-shop,makespan,permutationflowshopschedulingmakespan_vallada2015_small,50,5,11.25,2623,
vallada2015/Small/VFR50_5_10_Gap.txt,permutationflowshopschedulingmakespan,flow-shop,makespan,permutationflowshopschedulingmakespan_vallada2015_small,50,5,11.25,2834,
vallada2015/Small/VFR50_10_1_Gap.txt,permutationflowshopschedulingmakespan,flow-shop,makespan,permutationflowshopschedulingmakespan_vallada2015_small,50,10,22.5,2967,
vallada2015/Small/VFR50_10_2_Gap.txt,permutationflowshopschedulingmakespan,flow-shop,makespan,permutationflowshopschedulingmakespan_vallada2015_small,50,10,22.5,3058,
vallada2015/Small/VFR50_10_3_Gap.txt,permutationflowshopschedulingmakespan,flow-shop,makespan,permutationflowshopschedulingmakespan_vallada2015_small,50,10,22.5,3074,
vallada2015/Small/VFR50_10_4_Gap.txt,permutationflowshopschedulingmakespan,flow-shop,makespan,permutationflowshopschedulingmakespan_vallada2015_small,50,10,22.5,3054,
vallada2015/Small/VFR50_10_5_Gap.txt,permutationflowshopschedulingmakespan,flow-shop,makespan,permutationflowshopschedulingmakespan_vallada2015_small,50,10,22.5,3281,
vallada2015/Small/VFR50_10_6_Gap.txt,permutationflowshopschedulingmakespan,flow-shop,makespan,permutationflowshopschedulingmakespan_vallada2015_small,50,10,22.5,3167,
vallada2015/Small/VFR50_10_7_Gap.txt,permutationflowshopschedulingmakespan,flow-shop,makespan,permutationflowshopschedulingmakespan_vallada2015_small,50,10,22.5,2893,
vallada2015/Small/VFR50_10_8_Gap.txt,permutationflowshopschedulingmakespan,flow-shop,makespan,permutationflowshopschedulingmakespan_vallada2015_small,50,10,22.5,3114,
vallada2015/Small/VFR50_10_9_Gap.txt,permutationflowshopschedulingmakespan,flow-shop,makespan,permutationflowshopschedulingmakespan_vallada2015_small,50,10,22.5,3039,
vallada2015/Small/VFR50_10_10_Gap.txt,permutationflowshopschedulingmakespan,flow-shop,makespan,permutationflowshopschedulingmakespan_vallada2015_small,50,10,22.5,3111,
vallada2015/Small/VFR50_15_1_Gap.txt,permutationflowshopschedulingmakespan,flow-shop,makespan,permutationflowshopschedulingmakespan_vallada2015_small,50,15,33.75,3384,
vallada2015/Small/VFR50_15_2_Gap.txt,permutationflowshopschedulingmakespan,flow-shop,makespan,permutationflowshopschedulingmakespan_vallada2015_small,50,15,33.75,3423,
vallada2015/Small/VFR50_15_3_Gap.txt,permutationflowshopschedulingmakespan,flow-shop,makespan,permutationflowshopschedulingmakespan_vallada2015_small,50,15,33.75,3356,
vallada2015/Small/VFR50_15_4_Gap.txt,permutationflowshopschedulingmakespan,flow-shop,makespan,permutationflowshopschedulingmakespan_vallada2015_small,50,15,33.75,3586,
vallada2015/Small/VFR50_15_5_Gap.txt,permutationflowshopschedulingmakespan,flow-shop,makespan,permutationflowshopschedulingmakespan_vallada2015_small,50,15,33.75,3416,
vallada2015/Small/VFR50_15_6_Gap.txt,permutationflowshopschedulingmakespan,flow-shop,makespan,permutationflowshopschedulingmakespan_vallada2015_small,50,15,33.75,3407,
vallada2015/Small/VFR50_15_7_Gap.txt,permutationflowshopschedulingmakespan,flow-shop,makespan,permutationflowshopschedulingmakespan_vallada2015_small,50,15,33.75,3554,
vallada2015/Small/VFR50_15_8_Gap.txt,permutationflowshopschedulingmakespan,flow-shop,makespan,permutationflowshopschedulingmakespan_vallada2015_small,50,15,33.75,3504,
vallada2015/Small/VFR50_15_9_Gap.txt,permutationflowshopschedulingmakespan,flow-shop,makespan,permutationflowshopschedulingmakespan_vallada2015_small,50,15,33.75,3235,
vallada2015/Small/VFR50_15_10_Gap.txt,permutationflowshopschedulingmakespan,flow-shop,makespan,permutationflowshopschedulingmakespan_vallada2015_small,50,15,33.75,3472,
vallada2015/Small/VFR50_20_1_Gap.txt,permutationflowshopschedulingmakespan,flow-shop,makespan,permutationflowshopschedulingmakespan_vallada2015_small,50,20,45,3761,
vallada2015/Small/VFR50_20_2_Gap.txt,permutationflowshopschedulingmakespan,flow-shop,makespan,permutationflowshopschedulingmakespan_vallada2015_small,50,20,45,3768,
vallada2015/Small/VFR50_20_3_Gap.txt,permutationflowshopschedulingmakespan,flow-shop,makespan,permutationflowshopschedulingmakespan_vallada2015_small,50,20,45,3853,
vallada2015/Small/VFR50_20_4_Gap.txt,permutationflowshopschedulingmakespan,flow-shop,makespan,permutationflowshopschedulingmakespan_vallada2015_small,50,20,45,3784,
vallada2015/Small/VFR50_20_5_Gap.txt,permutationflowshopschedulingmakespan,flow-shop,makespan,permutationflowshopschedulingmakespan_vallada2015_small,50,20,45,3697,
vallada2015/Small/VFR50_20_6_Gap.txt,permutationflowshopschedulingmakespan,flow-shop,makespan,permutationflowshopschedulingmakespan_vallada2015_small,50,20,45,3839,
vallada2015/Small/VFR50_20_7_Gap.txt,permutationflowshopschedulingmakespan,flow-shop,makespan,permutationflowshopschedulingmakespan_vallada2015_small,50,20,45,3773,
vallada2015/Small/VFR50_20_8_Gap.txt,permutationflowshopschedulingmakespan,flow-shop,makespan,permutationflowshopschedulingmakespan_vallada2015_small,50,20,45,3845,
vallada2015/Small/VFR50_20_9_Gap.txt,permutationflowshopschedulingmakespan,flow-shop,makespan,permutationflowshopschedulingmakespan_vallada2015_small,50,20,45,3851,
vallada2015/Small/VFR50_20_10_Gap.txt,permutationflowshopschedulingmakespan,flow-shop,makespan,permutationflowshopschedulingmakespan_vallada2015_small,50,20,45,3824,
vallada2015/Small/VFR60_5_1_Gap.txt,permutationflowshopschedulingmakespan,flow-shop,makespan,permutationflowshopschedulingmakespan_vallada2015_small,60,5,13.5,3350,
vallada2015/Small/VFR60_5_2_Gap.txt,permutationflowshopschedulingmakespan,flow-shop,makespan,permutationflowshopschedulingmakespan_vallada2015_small,60,5,13.5,3070,
vallada2015/Small/VFR60_5_3_Gap.txt,permutationflowshopschedulingmakespan,flow-shop,makespan,permutationflowshopschedulingmakespan_vallada2015_small,60,5,13.5,3256,
vallada2015/Small/VFR60_5_4_Gap.txt,permutationflowshopschedulingmakespan,flow-shop,makespan,permutationflowshopschedulingmakespan_vallada2015_small,60,5,13.5,3266,
vallada2015/Small/VFR60_5_5_Gap.txt,permutationflowshopschedulingmakespan,flow-shop,makespan,permutationflowshopschedulingmakespan_vallada2015_small,60,5,13.5,3244,
vallada2015/Small/VFR60_5_6_Gap.txt,permutationflowshopschedulingmakespan,flow-shop,makespan,permutationflowshopschedulingmakespan_vallada2015_small,60,5,13.5,3107,
vallada2015/Small/VFR60_5_7_Gap.txt,permutationflowshopschedulingmakespan,flow-shop,makespan,permutationflowshopschedulingmakespan_vallada2015_small,60,5,13.5,3319,
vallada2015/Small/VFR60_5_8_Gap.txt,permutationflowshopschedulingmakespan,flow-shop,makespan,permutationflowshopschedulingmakespan_vallada2015_small,60,5,13.5,3458,
vallada2015/Small/VFR60_5_9_Gap.txt,permutationflowshopschedulingmakespan,flow-shop,makespan,permutationflowshopschedulingmakespan_vallada2015_small,60,5,13.5,3133,
vallada2015/Small/VFR60_5_10_Gap.txt,permutationflowshopschedulingmakespan,flow-shop,makespan,permutationflowshopschedulingmakespan_vallada2015_small,60,5,13.5,3663,
vallada2015/Small/VFR60_10_1_Gap.txt,permutationflowshopschedulingmakespan,flow-shop,makespan,permutationflowshopschedulingmakespan_vallada2015_small,60,10,27,3498,
vallada2015/Small/VFR60_10_2_Gap.txt,permutationflowshopschedulingmakespan,flow-shop,makespan,permutationflowshopschedulingmakespan_vallada2015_small,60,10,27,3672,
vallada2015/Small/VFR60_10_3_Gap.txt,permutationflowshopschedulingmakespan,flow-shop,makespan,permutationflowshopschedulingmakespan_vallada2015_small,60,10,27,3432,
vallada2015/Small/VFR60_10_4_Gap.txt,permutationflowshopschedulingmakespan,flow-shop,makespan,permutationflowshopschedulingmakespan_vallada2015_small,60,10,27,3470,
vallada2015/Small/VFR60_10_5_Gap.txt,permutationflowshopschedulingmakespan,flow-shop,makespan,permutationflowshopschedulingmakespan_vallada2015_small,60,10,27,3575,
vallada2015/Small/VFR60_10_6_Gap.txt,permutationflowshopschedulingmakespan,flow-shop,makespan,permutationflowshopschedulingmakespan_vallada2015_small,60,10,27,3653,
vallada2015/Small/VFR60_10_7_Gap.txt,permutationflowshopschedulingmakespan,flow-shop,makespan,permutationflowshopschedulingmakespan_vallada2015_small,60,10,27,3725,
vallada2015/Small/VFR60_10_8_Gap.txt,permutationflowshopschedulingmakespan,flow-shop,makespan,permutationflowshopschedulingmakespan_vallada2015_small,60,10,27,3598,
vallada2015/Small/VFR60_10_9_Gap.txt,permutationflowshopschedulingmakespan,flow-shop,makespan,permutationflowshopschedulingmakespan_vallada2015_small,60,10,27,3707,
vallada2015/Small/VFR60_10_10_Gap.txt,permutationflowshopschedulingmakespan,flow-shop,makespan,permutationflowshopschedulingmakespan_vallada2015_small,60,10,27,3539,
vallada2015/Small/VFR60_15_1_Gap.txt,permutationflowshopschedulingmakespan,flow-shop,makespan,permutationflowshopschedulingmakespan_vallada2015_small,60,15,40.5,3981,
vallada2015/Small/VFR60_15_2_Gap.txt,permutationflowshopschedulingmakespan,flow-shop,makespan,permutationflowshopschedulingmakespan_vallada2015_small,60,15,40.5,3970,
vallada2015/Small/VFR60_15_3_Gap.txt,permutationflowshopschedulingmakespan,flow-shop,makespan,permutationflowshopschedulingmakespan_vallada2015_small,60,15,40.5,3987,
vallada2015/Small/VFR60_15_4_Gap.txt,permutationflowshopschedulingmakespan,flow-shop,makespan,permutationflowshopschedulingmakespan_vallada2015_small,60,15,40.5,3758,
vallada2015/Small/VFR60_15_5_Gap.txt,permutationflowshopschedulingmakespan,flow-shop,makespan,permutationflowshopschedulingmakespan_vallada2015_small,60,15,40.5,3955,
vallada2015/Small/VFR60_15_6_Gap.txt,permutationflowshopschedulingmakespan,flow-shop,makespan,permutationflowshopschedulingmakespan_vallada2015_small,60,15,40.5,3971,
vallada2015/Small/VFR60_15_7_Gap.txt,permutationflowshopschedulingmakespan,flow-shop,makespan,permutationflowshopschedulingmakespan_vallada2015_small,60,15,40.5,3897,
vallada2015/Small/VFR60_15_8_Gap.txt,permutationflowshopschedulingmakespan,flow-shop,makespan,permutationflowshopschedulingmakespan_vallada2015_small,60,15,40.5,3841,
vallada2015/Small/VFR60_15_9_Gap.txt,permutationflowshopschedulingmakespan,flow-shop,makespan,permutationflowshopschedulingmakespan_vallada2015_small,60,15,40.5,3857,
vallada2015/Small/VFR60_15_10_Gap.txt,permutationflowshopschedulingmakespan,flow-shop,makespan,permutationflowshopschedulingmakespan_vallada2015_small,60,15,40.5,3974,
vallada2015/Small/VFR60_20_1_Gap.txt,permutationflowshopschedulingmakespan,flow-shop,makespan,permutationflowshopschedulingmakespan_vallada2015_small,60,20,54,4227,
vallada2015/Small/VFR60_20_2_Gap.txt,permutationflowshopschedulingmakespan,flow-shop,makespan,permutationflowshopschedulingmakespan_vallada2015_small,60,20,54,4354,
vallada2015/Small/VFR60_20_3_Gap.txt,permutationflowshopschedulingmakespan,flow-shop,makespan,permutationflowshopschedulingmakespan_vallada2015_small,60,20,54,4457,
vallada2015/Small/VFR60_20_4_Gap.txt,permutationflowshopschedulingmakespan,flow-shop,makespan,permutationflowshopschedulingmakespan_vallada2015_small,60,20,54,4282,
vallada2015/Small/VFR60_20_5_Gap.txt,permutationflowshopschedulingmakespan,flow-shop,makespan,permutationflowshopschedulingmakespan_vallada2015_small,60,20,54,4287,
vallada2015/Small/VFR60_20_6_Gap.txt,permutationflowshopschedulingmakespan,flow-shop,makespan,permutationflowshopschedulingmakespan_vallada2015_small,60,20,54,4260,
vallada2015/Small/VFR60_20_7_Gap.txt,permutationflowshopschedulingmakespan,flow-shop,makespan,permutationflowshopschedulingmakespan_vallada2015_small,60,20,54,4373,
vallada2015/Small/VFR60_20_8_Gap.txt,permutationflowshopschedulingmakespan,flow-shop,makespan,permutationflowshopschedulingmakespan_vallada2015_small,60,20,54,4272,
vallada2015/Small/VFR60_20_9_Gap.txt,permutationflowshopschedulingmakespan,flow-shop,makespan,permutationflowshopschedulingmakespan_vallada2015_small,60,20,54,4283,
vallada2015/Small/VFR60_20_10_Gap.txt,permutationflowshopschedulingmakespan,flow-shop,makespan,permutationflowshopschedulingmakespan_vallada2015_small,60,20,54,4284,
vallada2015/Large/VFR100_20_1_Gap.txt,permutationflowshopschedulingmakespan,flow-shop,makespan,permutationflowshopschedulingmakespan_vallada2015_large,100,20,90,6121,
vallada2015/Large/VFR100_20_2_Gap.txt,permutationflowshopschedulingmakespan,flow-shop,makespan,permutationflowshopschedulingmakespan_vallada2015_large,100,20,90,6224,
vallada2015/Large/VFR100_20_3_Gap.txt,permutationflowshopschedulingmakespan,flow-shop,makespan,permutationflowshopschedulingmakespan_vallada2015_large,100,20,90,6157,
vallada2015/Large/VFR100_20_4_Gap.txt,permutationflowshopschedulingmakespan,flow-shop,makespan,permutationflowshopschedulingmakespan_vallada2015_large,100,20,90,6173,
vallada2015/Large/VFR100_20_5_Gap.txt,permutationflowshopschedulingmakespan,flow-shop,makespan,permutationflowshopschedulingmakespan_vallada2015_large,100,20,90,6221,
vallada2015/Large/VFR100_20_6_Gap.txt,permutationflowshopschedulingmakespan,flow-shop,makespan,permutationflowshopschedulingmakespan_vallada2015_large,100,20,90,6074,
vallada2015/Large/VFR100_20_7_Gap.txt,permutationflowshopschedulingmakespan,flow-shop,makespan,permutationflowshopschedulingmakespan_vallada2015_large,100,20,90,6328,
vallada2015/Large/VFR100_20_8_Gap.txt,permutationflowshopschedulingmakespan,flow-shop,makespan,permutationflowshopschedulingmakespan_vallada2015_large,100,20,90,6023,
vallada2015/Large/VFR100_20_9_Gap.txt,permutationflowshopschedulingmakespan,flow-shop,makespan,permutationflowshopschedulingmakespan_vallada2015_large,100,20,90,6267,
vallada2015/Large/VFR100_20_10_Gap.txt,permutationflowshopschedulingmakespan,flow-shop,makespan,permutationflowshopschedulingmakespan_vallada2015_large,100,20,90,6048,
vallada2015/Large/VFR100_40_1_Gap.txt,permutationflowshopschedulingmakespan,flow-shop,makespan,permutationflowshopschedulingmakespan_vallada2015_large,100,40,180,7840,
vallada2015/Large/VFR100_40_2_Gap.txt,permutationflowshopschedulingmakespan,flow-shop,makespan,permutationflowshopschedulingmakespan_vallada2015_large,100,40,180,7913,
vallada2015/Large/VFR100_40_3_Gap.txt,permutationflowshopschedulingmakespan,flow-shop,makespan,permutationflowshopschedulingmakespan_vallada2015_large,100,40,180,7889,
vallada2015/Large/VFR100_40_4_Gap.txt,permutationflowshopschedulingmakespan,flow-shop,makespan,permutationflowshopschedulingmakespan_vallada2015_large,100,40,180,7895,
vallada2015/Large/VFR100_40_5_Gap.txt,permutationflowshopschedulingmakespan,flow-shop,makespan,permutationflowshopschedulingmakespan_vallada2015_large,100,40,180,7968,
vallada2015/Large/VFR100_40_6_Gap.txt,permutationflowshopschedulingmakespan,flow-shop,makespan,permutationflowshopschedulingmakespan_vallada2015_large,100,40,180,7957,
vallada2015/Large/VFR100_40_7_Gap.txt,permutationflowshopschedulingmakespan,flow-shop,makespan,permutationflowshopschedulingmakespan_vallada2015_large,100,40,180,7888,
vallada2015/Large/VFR100_40_8_Gap.txt,permutationflowshopschedulingmakespan,flow-shop,makespan,permutationflowshopschedulingmakespan_vallada2015_large,100,40,180,7917,
vallada2015/Large/VFR100_40_9_Gap.txt,permutationflowshopschedulingmakespan,flow-shop,makespan,permutationflowshopschedulingmakespan_vallada2015_large,100,40,180,7853,
vallada2015/Large/VFR100_40_10_Gap.txt,permutationflowshopschedulingmakespan,flow-shop,makespan,permutationflowshopschedulingmakespan_vallada2015_large,100,40,180,7894,
vallada2015/Large/VFR100_60_1_Gap.txt,permutationflowshopschedulingmakespan,flow-shop,makespan,permutationflowshopschedulingmakespan_vallada2015_large,100,60,270,9326,
vallada2015/Large/VFR100_60_2_Gap.txt,permutationflowshopschedulingmakespan,flow-shop,makespan,permutationflowshopschedulingmakespan_vallada2015_large,100,60,270,9403,
vallada2015/Large/VFR100_60_3_Gap.txt,permutationflowshopschedulingmakespan,flow-shop,makespan,permutationflowshopschedulingmakespan_vallada2015_large,100,60,270,9316,
vallada2015/Large/VFR100_60_4_Gap.txt,permutationflowshopschedulingmakespan,flow-shop,makespan,permutationflowshopschedulingmakespan_vallada2015_large,100,60,270,9366,
vallada2015/Large/VFR100_60_5_Gap.txt,permutationflowshopschedulingmakespan,flow-shop,makespan,permutationflowshopschedulingmakespan_vallada2015_large,100,60,270,9346,
vallada2015/Large/VFR100_60_6_Gap.txt,permutationflowshopschedulingmakespan,flow-shop,makespan,permutationflowshopschedulingmakespan_vallada2015_large,100,60,270,9523,
vallada2015/Large/VFR100_60_7_Gap.txt,permutationflowshopschedulingmakespan,flow-shop,makespan,permutationflowshopschedulingmakespan_vallada2015_large,100,60,270,9326,
vallada2015/Large/VFR100_60_8_Gap.txt,permutationflowshopschedulingmakespan,flow-shop,makespan,permutationflowshopschedulingmakespan_vallada2015_large,100,60,270,9507,
vallada2015/Large/VFR100_60_9_Gap.txt,permutationflowshopschedulingmakespan,flow-shop,makespan,permutationflowshopschedulingmakespan_vallada2015_large,100,60,270,9480,
vallada2015/Large/VFR100_60_10_Gap.txt,permutationflowshopschedulingmakespan,flow-shop,makespan,permutationflowshopschedulingmakespan_vallada2015_large,100,60,270,9349,
vallada2015/Large/VFR200_20_1_Gap.txt,permutationflowshopschedulingmakespan,flow-shop,makespan,permutationflowshopschedulingmakespan_vallada2015_large,200,20,180,11181,
vallada2015/Large/VFR200_20_2_Gap.txt,permutationflowshopschedulingmakespan,flow-shop,makespan,permutationflowshopschedulingmakespan_vallada2015_large,200,20,180,11188,
vallada2015/Large/VFR200_20_3_Gap.txt,permutationflowshopschedulingmakespan,flow-shop,makespan,permutationflowshopschedulingmakespan_vallada2015_large,200,20,180,11143,
vallada2015/Large/VFR200_20_4_Gap.txt,permutationflowshopschedulingmakespan,flow-shop,makespan,permutationflowshopschedulingmakespan_vallada2015_large,200,20,180,11090,
vallada2015/Large/VFR200_20_5_Gap.txt,permutationflowshopschedulingmakespan,flow-shop,makespan,permutationflowshopschedulingmakespan_vallada2015_large,200,20,180,11076,
vallada2015/Large/VFR200_20_6_Gap.txt,permutationflowshopschedulingmakespan,flow-shop,makespan,permutationflowshopschedulingmakespan_vallada2015_large,200,20,180,11128,
vallada2015/Large/VFR200_20_7_Gap.txt,permutationflowshopschedulingmakespan,flow-shop,makespan,permutationflowshopschedulingmakespan_vallada2015_large,200,20,180,11091,
vallada2015/Large/VFR200_20_8_Gap.txt,permutationflowshopschedulingmakespan,flow-shop,makespan,permutationflowshopschedulingmakespan_vallada2015_large,200,20,180,11041,
vallada2015/Large/VFR200_20_9_Gap.txt,permutationflowshopschedulingmakespan,flow-shop,makespan,permutationflowshopschedulingmakespan_vallada2015_large,200,20,180,11008,
vallada2015/Large/VFR200_20_10_Gap.txt,permutationflowshopschedulingmakespan,flow-shop,makespan,permutationflowshopschedulingmakespan_vallada2015_large,200,20,180,11193,
vallada2015/Large/VFR200_40_1_Gap.txt,permutationflowshopschedulingmakespan,flow-shop,makespan,permutationflowshopschedulingmakespan_vallada2015_large,200,40,360,13077,
vallada2015/Large/VFR200_40_2_Gap.txt,permutationflowshopschedulingmakespan,flow-shop,makespan,permutationflowshopschedulingmakespan_vallada2015_large,200,40,360,13027,
vallada2015/Large/VFR200_40_3_Gap.txt,permutationflowshopschedulingmakespan,flow-shop,makespan,permutationflowshopschedulingmakespan_vallada2015_large,200,40,360,12974,
vallada2015/Large/VFR200_40_4_Gap.txt,permutationflowshopschedulingmakespan,flow-shop,makespan,permutationflowshopschedulingmakespan_vallada2015_large,200,40,360,13061,
vallada2015/Large/VFR200_40_5_Gap.txt,permutationflowshopschedulingmakespan,flow-shop,makespan,permutationflowshopschedulingmakespan_vallada2015_large,200,40,360,12927,
vallada2015/Large/VFR200_40_6_Gap.txt,permutationflowshopschedulingmakespan,flow-shop,makespan,permutationflowshopschedulingmakespan_vallada2015_large,200,40,360,13023,
vallada2015/Large/VFR200_40_7_Gap.txt,permutationflowshopschedulingmakespan,flow-shop,makespan,permutationflowshopschedulingmakespan_vallada2015_large,200,40,360,13033,
vallada2015/Large/VFR200_40_8_Gap.txt,permutationflowshopschedulingmakespan,flow-shop,makespan,permutationflowshopschedulingmakespan_vallada2015_large,200,40,360,13089,
vallada2015/Large/VFR200_40_9_Gap.txt,permutationflowshopschedulingmakespan,flow-shop,makespan,permutationflowshopschedulingmakespan_vallada2015_large,200,40,360,13042,
vallada2015/Large/VFR200_40_10_Gap.txt,permutationflowshopschedulingmakespan,flow-shop,makespan,permutationflowshopschedulingmakespan_vallada2015_large,200,40,360,13134,
vallada2015/Large/VFR200_60_1_Gap.txt,permutationflowshopschedulingmakespan,flow-shop,makespan,permutationflowshopschedulingmakespan_vallada2015_large,200,60,540,14861,
vallada2015/Large/VFR200_60_2_Gap.txt,permutationflowshopschedulingmakespan,flow-shop,makespan,permutationflowshopschedulingmakespan_vallada2015_large,200,60,540,14890,
vallada2015/Large/VFR200_60_3_Gap.txt,permutationflowshopschedulingmakespan,flow-shop,makespan,permutationflowshopschedulingmakespan_vallada2015_large,200,60,540,15042,
vallada2015/Large/VFR200_60_4_Gap.txt,permutationflowshopschedulingmakespan,flow-shop,makespan,permutationflowshopschedulingmakespan_vallada2015_large,200,60,540,14918,
vallada2015/Large/VFR200_60_5_Gap.txt,permutationflowshopschedulingmakespan,flow-shop,makespan,permutationflowshopschedulingmakespan_vallada2015_large,200,60,540,15006,
vallada2015/Large/VFR200_60_6_Gap.txt,permutationflowshopschedulingmakespan,flow-shop,makespan,permutationflowshopschedulingmakespan_vallada2015_large,200,60,540,14894,
vallada2015/Large/VFR200_60_7_Gap.txt,permutationflowshopschedulingmakespan,flow-shop,makespan,permutationflowshopschedulingmakespan_vallada2015_large,200,60,540,14925,
vallada2015/Large/VFR200_60_8_Gap.txt,permutationflowshopschedulingmakespan,flow-shop,makespan,permutationflowshopschedulingmakespan_vallada2015_large,200,60,540,14852,
vallada2015/Large/VFR200_60_9_Gap.txt,permutationflowshopschedulingmakespan,flow-shop,makespan,permutationflowshopschedulingmakespan_vallada2015_large,200,60,540,14867,
vallada2015/Large/VFR200_60_10_Gap.txt,permutationflowshopschedulingmakespan,flow-shop,makespan,permutationflowshopschedulingmakespan_vallada2015_large,200,60,540,14881,
vallada2015/Large/VFR300_20_1_Gap.txt,permutationflowshopschedulingmakespan,flow-shop,makespan,permutationflowshopschedulingmakespan_vallada2015_large,300,20,270,15996,
vallada2015/Large/VFR300_20_2_Gap.txt,permutationflowshopschedulingmakespan,flow-shop,makespan,permutationflowshopschedulingmakespan_vallada2015_large,300,20,270,16168,
vallada2015/Large/VFR300_20_3_Gap.txt,permutationflowshopschedulingmakespan,flow-shop,makespan,permutationflowshopschedulingmakespan_vallada2015_large,300,20,270,16010,
vallada2015/Large/VFR300_20_4_Gap.txt,permutationflowshopschedulingmakespan,flow-shop,makespan,permutationflowshopschedulingmakespan_vallada2015_large,300,20,270,16052,
vallada2015/Large/VFR300_20_5_Gap.txt,permutationflowshopschedulingmakespan,flow-shop,makespan,permutationflowshopschedulingmakespan_vallada2015_large,300,20,270,16244,
vallada2015/Large/VFR300_20_6_Gap.txt,permutationflowshopschedulingmakespan,flow-shop,makespan,permutationflowshopschedulingmakespan_vallada2015_large,300,20,270,16021,
vallada2015/Large/VFR300_20_7_Gap.txt,permutationflowshopschedulingmakespan,flow-shop,makespan,permutationflowshopschedulingmakespan_vallada2015_large,300,20,270,16188,
vallada2015/Large/VFR300_20_8_Gap.txt,permutationflowshopschedulingmakespan,flow-shop,makespan,permutationflowshopschedulingmakespan_vallada2015_large,300,20,270,16287,
vallada2015/Large/VFR300_20_9_Gap.txt,permutationflowshopschedulingmakespan,flow-shop,makespan,permutationflowshopschedulingmakespan_vallada2015_large,300,20,270,16203,
vallada2015/Large/VFR300_20_10_Gap.txt,permutationflowshopschedulingmakespan,flow-shop,makespan,permutationflowshopschedulingmakespan_vallada2015_large,300,20,270,16129,
vallada2015/Large/VFR300_40_1_Gap.txt,permutationflowshopschedulingmakespan,flow-shop,makespan,permutationflowshopschedulingmakespan_vallada2015_large,300,40,540,18127,
vallada2015/Large/VFR300_40_2_Gap.txt,permutationflowshopschedulingmakespan,flow-shop,makespan,permutationflowshopschedulingmakespan_vallada2015_large,300,40,540,18227,
vallada2015/Large/VFR300_40_3_Gap.txt,permutationflowshopschedulingmakespan,flow-shop,makespan,permutationflowshopschedulingmakespan_vallada2015_large,300,40,540,18276,
vallada2015/Large/VFR300_40_4_Gap.txt,permutationflowshopschedulingmakespan,flow-shop,makespan,permutationflowshopschedulingmakespan_vallada2015_large,300,40,540,18181,
vallada2015/Large/VFR300_40_5_Gap.txt,permutationflowshopschedulingmakespan,flow-shop,makespan,permutationflowshopschedulingmakespan_vallada2015_large,300,40,540,18320,
vallada2015/Large/VFR300_40_6_Gap.txt,permutationflowshopschedulingmakespan,flow-shop,makespan,permutationflowshopschedulingmakespan_vallada2015_large,300,40,540,18250,
vallada2015/Large/VFR300_40_7_Gap.txt,permutationflowshopschedulingmakespan,flow-shop,makespan,permutationflowshopschedulingmakespan_vallada2015_large,300,40,540,18261,
vallada2015/Large/VFR300_40_8_Gap.txt,permutationflowshopschedulingmakespan,flow-shop,makespan,permutationflowshopschedulingmakespan_vallada2015_large,300,40,540,18238,
vallada2015/Large/VFR300_40_9_Gap.txt,permutationflowshopschedulingmakespan,flow-shop,makespan,permutationflowshopschedulingmakespan_vallada2015_large,300,40,540,18226,
vallada2015/Large/VFR300_40_10_Gap.txt,permutationflowshopschedulingmakespan,flow-shop,makespan,permutationflowshopschedulingmakespan_vallada2015_large,300,40,540,18253,
vallada2015/Large/VFR300_60_1_Gap.txt,permutationflowshopschedulingmakespan,flow-shop,makespan,permutationflowshopschedulingmakespan_vallada2015_large,300,60,810,20397,
vallada2015/Large/VFR300_60_2_Gap.txt,permutationflowshopschedulingmakespan,flow-shop,makespan,permutationflowshopschedulingmakespan_vallada2015_large,300,60,810,20224,
vallada2015/Large/VFR300_60_3_Gap.txt,permutationflowshopschedulingmakespan,flow-shop,makespan,permutationflowshopschedulingmakespan_vallada2015_large,300,60,810,20200,
vallada2015/Large/VFR300_60_4_Gap.txt,permutationflowshopschedulingmakespan,flow-shop,makespan,permutationflowshopschedulingmakespan_vallada2015_large,300,60,810,20235,
vallada2015/Large/VFR300_60_5_Gap.txt,permutationflowshopschedulingmakespan,flow-shop,makespan,permutationflowshopschedulingmakespan_vallada2015_large,300,60,810,20156,
vallada2015/Large/VFR300_60_6_Gap.txt,permutationflowshopschedulingmakespan,flow-shop,makespan,permutationflowshopschedulingmakespan_vallada2015_large,300,60,810,20180,
vallada2015/Large/VFR300_60_7_Gap.txt,permutationflowshopschedulingmakespan,flow-shop,makespan,permutationflowshopschedulingmakespan_vallada2015_large,300,60,810,20285,
vallada2015/Large/VFR300_60_8_Gap.txt,permutationflowshopschedulingmakespan,flow-shop,makespan,permutationflowshopschedulingmakespan_vallada2015_large,300,60,810,20291,
vallada2015/Large/VFR300_60_9_Gap.txt,permutationflowshopschedulingmakespan,flow-shop,makespan,permutationflowshopschedulingmakespan_vallada2015_large,300,60,810,20249,
vallada2015/Large/VFR300_60_10_Gap.txt,permutationflowshopschedulingmakespan,flow-shop,makespan,permutationflowshopschedulingmakespan_vallada2015_large,300,60,810,20290,
vallada2015/Large/VFR400_20_1_Gap.txt,permutationflowshopschedulingmakespan,flow-shop,makespan,permutationflowshopschedulingmakespan_vallada2015_large,400,20,360,20952,
vallada2015/Large/VFR400_20_2_Gap.txt,permutationflowshopschedulingmakespan,flow-shop,makespan,permutationflowshopschedulingmakespan_vallada2015_large,400,20,360,21237,
vallada2015/Large/VFR400_20_3_Gap.txt,permutationflowshopschedulingmakespan,flow-shop,makespan,permutationflowshopschedulingmakespan_vallada2015_large,400,20,360,21379,
vallada2015/Large/VFR400_20_4_Gap.txt,permutationflowshopschedulingmakespan,flow-shop,makespan,permutationflowshopschedulingmakespan_vallada2015_large,400,20,360,21125,
vallada2015/Large/VFR400_20_5_Gap.txt,permutationflowshopschedulingmakespan,flow-shop,makespan,permutationflowshopschedulingmakespan_vallada2015_large,400,20,360,21399,
vallada2015/Large/VFR400_20_6_Gap.txt,permutationflowshopschedulingmakespan,flow-shop,makespan,permutationflowshopschedulingmakespan_vallada2015_large,400,20,360,21075,
vallada2015/Large/VFR400_20_7_Gap.txt,permutationflowshopschedulingmakespan,flow-shop,makespan,permutationflowshopschedulingmakespan_vallada2015_large,400,20,360,21198,
vallada2015/Large/VFR400_20_8_Gap.txt,permutationflowshopschedulingmakespan,flow-shop,makespan,permutationflowshopschedulingmakespan_vallada2015_large,400,20,360,21236,
vallada2015/Large/VFR400_20_9_Gap.txt,permutationflowshopschedulingmakespan,flow-shop,makespan,permutationflowshopschedulingmakespan_vallada2015_large,400,20,360,21301,
vallada2015/Large/VFR400_20_10_Gap.txt,permutationflowshopschedulingmakespan,flow-shop,makespan,permutationflowshopschedulingmakespan_vallada2015_large,400,20,360,21428,
vallada2015/Large/VFR400_40_1_Gap.txt,permutationflowshopschedulingmakespan,flow-shop,makespan,permutationflowshopschedulingmakespan_vallada2015_large,400,40,720,23362,
vallada2015/Large/VFR400_40_2_Gap.txt,permutationflowshopschedulingmakespan,flow-shop,makespan,permutationflowshopschedulingmakespan_vallada2015_large,400,40,720,23257,
vallada2015/Large/VFR400_40_3_Gap.txt,permutationflowshopschedulingmakespan,flow-shop,makespan,permutationflowshopschedulingmakespan_vallada2015_large,400,40,720,23213,
vallada2015/Large/VFR400_40_4_Gap.txt,permutationflowshopschedulingmakespan,flow-shop,makespan,permutationflowshopschedulingmakespan_vallada2015_large,400,40,720,23220,
vallada2015/Large/VFR400_40_5_Gap.txt,permutationflowshopschedulingmakespan,flow-shop,makespan,permutationflowshopschedulingmakespan_vallada2015_large,400,40,720,23141,
vallada2015/Large/VFR400_40_6_Gap.txt,permutationflowshopschedulingmakespan,flow-shop,makespan,permutationflowshopschedulingmakespan_vallada2015_large,400,40,720,23290,
vallada2015/Large/VFR400_40_7_Gap.txt,permutationflowshopschedulingmakespan,flow-shop,makespan,permutationflowshopschedulingmakespan_vallada2015_large,400,40,720,23364,
vallada2015/Large/VFR400_40_8_Gap.txt,permutationflowshopschedulingmakespan,flow-shop,makespan,permutationflowshopschedulingmakespan_vallada2015_large,400,40,720,23266,
vallada2015/Large/VFR400_40_9_Gap.txt,permutationflowshopschedulingmakespan,flow-shop,makespan,permutationflowshopschedulingmakespan_vallada2015_large,400,40,720,23380,
vallada2015/Large/VFR400_40_10_Gap.txt,permutationflowshopschedulingmakespan,flow-shop,makespan,permutationflowshopschedulingmakespan_vallada2015_large,400,40,720,23467,
vallada2015/Large/VFR400_60_1_Gap.txt,permutationflowshopschedulingmakespan,flow-shop,makespan,permutationflowshopschedulingmakespan_vallada2015_large,400,60,1080,25392,
vallada2015/Large/VFR400_60_2_Gap.txt,permutationflowshopschedulingmakespan,flow-shop,makespan,permutationflowshopschedulingmakespan_vallada2015_large,400,60,1080,25498,
vallada2015/Large/VFR400_60_3_Gap.txt,permutationflowshopschedulingmakespan,flow-shop,makespan,permutationflowshopschedulingmakespan_vallada2015_large,400,60,1080,25590,
vallada2015/Large/VFR400_60_4_Gap.txt,permutationflowshopschedulingmakespan,flow-shop,makespan,permutationflowshopschedulingmakespan_vallada2015_large,400,60,1080,25407,
vallada2015/Large/VFR400_60_5_Gap.txt,permutationflowshopschedulingmakespan,flow-shop,makespan,permutationflowshopschedulingmakespan_vallada2015_large,400,60,1080,25415,
vallada2015/Large/VFR400_60_6_Gap.txt,permutationflowshopschedulingmakespan,flow-shop,makespan,permutationflowshopschedulingmakespan_vallada2015_large,400,60,1080,25358,
vallada2015/Large/VFR400_60_7_Gap.txt,permutationflowshopschedulingmakespan,flow-shop,makespan,permutationflowshopschedulingmakespan_vallada2015_large,400,60,1080,25372,
vallada2015/Large/VFR400_60_8_Gap.txt,permutationflowshopschedulingmakespan,flow-shop,makespan,permutationflowshopschedulingmakespan_vallada2015_large,400,60,1080,25541,
vallada2015/Large/VFR400_60_9_Gap.txt,permutationflowshopschedulingmakespan,flow-shop,makespan,permutationflowshopschedulingmakespan_vallada2015_large,400,60,1080,25549,
vallada2015/Large/VFR400_60_10_Gap.txt,permutationflowshopschedulingmakespan,flow-shop,makespan,permutationflowshopschedulingmakespan_vallada2015_large,400,60,1080,25618,
vallada2015/Large/VFR500_20_1_Gap.txt,permutationflowshopschedulingmakespan,flow-shop,makespan,permutationflowshopschedulingmakespan_vallada2015_large,500,20,450,26253,
vallada2015/Large/VFR500_20_2_Gap.txt,permutationflowshopschedulingmakespan,flow-shop,makespan,permutationflowshopschedulingmakespan_vallada2015_large,500,20,450,26080,
vallada2015/Large/VFR500_20_3_Gap.txt,permutationflowshopschedulingmakespan,flow-shop,makespan,permutationflowshopschedulingmakespan_vallada2015_large,500,20,450,26268,
vallada2015/Large/VFR500_20_4_Gap.txt,permutationflowshopschedulingmakespan,flow-shop,makespan,permutationflowshopschedulingmakespan_vallada2015_large,500,20,450,25994,
vallada2015/Large/VFR500_20_5_Gap.txt,permutationflowshopschedulingmakespan,flow-shop,makespan,permutationflowshopschedulingmakespan_vallada2015_large,500,20,450,26409,
vallada2015/Large/VFR500_20_6_Gap.txt,permutationflowshopschedulingmakespan,flow-shop,makespan,permutationflowshopschedulingmakespan_vallada2015_large,500,20,450,26305,
vallada2015/Large/VFR500_20_7_Gap.txt,permutationflowshopschedulingmakespan,flow-shop,makespan,permutationflowshopschedulingmakespan_vallada2015_large,500,20,450,26313,
vallada2015/Large/VFR500_20_8_Gap.txt,permutationflowshopschedulingmakespan,flow-shop,makespan,permutationflowshopschedulingmakespan_vallada2015_large,500,20,450,26034,
vallada2015/Large/VFR500_20_9_Gap.txt,permutationflowshopschedulingmakespan,flow-shop,makespan,permutationflowshopschedulingmakespan_vallada2015_large,500,20,450,26345,
vallada2015/Large/VFR500_20_10_Gap.txt,permutationflowshopschedulingmakespan,flow-shop,makespan,permutationflowshopschedulingmakespan_vallada2015_large,500,20,450,26043,
vallada2015/Large/VFR500_40_1_Gap.txt,permutationflowshopschedulingmakespan,flow-shop,makespan,permutationflowshopschedulingmakespan_vallada2015_large,500,40,900,28362,
vallada2015/Large/VFR500_40_2_Gap.txt,permutationflowshopschedulingmakespan,flow-shop,makespan,permutationflowshopschedulingmakespan_vallada2015_large,500,40,900,28503,
vallada2015/Large/VFR500_40_3_Gap.txt,permutationflowshopschedulingmakespan,flow-shop,makespan,permutationflowshopschedulingmakespan_vallada2015_large,500,40,900,28374,
vallada2015/Large/VFR500_40_4_Gap.txt,permutationflowshopschedulingmakespan,flow-shop,makespan,permutationflowshopschedulingmakespan_vallada2015_large,500,40,900,28432,
vallada2015/Large/VFR500_40_5_Gap.txt,permutationflowshopschedulingmakespan,flow-shop,makespan,permutationflowshopschedulingmakespan_vallada2015_large,500,40,900,28543,
vallada2015/Large/VFR500_40_6_Gap.txt,permutationflowshopschedulingmakespan,flow-shop,makespan,permutationflowshopschedulingmakespan_vallada2015_large,500,40,900,28248,
vallada2015/Large/VFR500_40_7_Gap.txt,permutationflowshopschedulingmakespan,flow-shop,makespan,permutationflowshopschedulingmakespan_vallada2015_large,500,40,900,28486,
vallada2015/Large/VFR500_40_8_Gap.txt,permutationflowshopschedulingmakespan,flow-shop,makespan,permutationflowshopschedulingmakespan_vallada2015_large,500,40,900,28435,
vallada2015/Large/VFR500_40_9_Gap.txt,permutationflowshopschedulingmakespan,flow-shop,makespan,permutationflowshopschedulingmakespan_vallada2015_large,500,40,900,28613,
vallada2015/Large/VFR500_40_10_Gap.txt,permutationflowshopschedulingmakespan,flow-shop,makespan,permutationflowshopschedulingmakespan_vallada2015_large,500,40,900,28526,
vallada2015/Large/VFR500_60_1_Gap.txt,permutationflowshopschedulingmakespan,flow-shop,makespan,permutationflowshopschedulingmakespan_vallada2015_large,500,60,1350,30609,
vallada2015/Large/VFR500_60_2_Gap.txt,permutationflowshopschedulingmakespan,flow-shop,makespan,permutationflowshopschedulingmakespan_vallada2015_large,500,60,1350,30597,
vallada2015/Large/VFR500_60_3_Gap.txt,permutationflowshopschedulingmakespan,flow-shop,makespan,permutationflowshopschedulingmakespan_vallada2015_large,500,60,1350,30763,
vallada2015/Large/VFR500_60_4_Gap.txt,permutationflowshopschedulingmakespan,flow-shop,makespan,permutationflowshopschedulingmakespan_vallada2015_large,500,60,1350,30788,
vallada2015/Large/VFR500_60_5_Gap.txt,permutationflowshopschedulingmakespan,flow-shop,makespan,permutationflowshopschedulingmakespan_vallada2015_large,500,60,1350,30700,
vallada2015/Large/VFR500_60_6_Gap.txt,permutationflowshopschedulingmakespan,flow-shop,makespan,permutationflowshopschedulingmakespan_vallada2015_large,500,60,1350,30829,
vallada2015/Large/VFR500_60_7_Gap.txt,permutationflowshopschedulingmakespan,flow-shop,makespan,permutationflowshopschedulingmakespan_vallada2015_large,500,60,1350,30733,
vallada2015/Large/VFR500_60_8_Gap.txt,permutationflowshopschedulingmakespan,flow-shop,makespan,permutationflowshopschedulingmakespan_vallada2015_large,500,60,1350,30729,
vallada2015/Large/VFR500_60_9_Gap.txt,permutationflowshopschedulingmakespan,flow-shop,makespan,permutationflowshopschedulingmakespan_vallada2015_large,500,60,1350,30664,
vallada2015/Large/VFR500_60_10_Gap.txt,permutationflowshopschedulingmakespan,flow-shop,makespan,permutationflowshopschedulingmakespan_vallada2015_large,500,60,1350,30828,
vallada2015/Large/VFR600_20_1_Gap.txt,permutationflowshopschedulingmakespan,flow-shop,makespan,permutationflowshopschedulingmakespan_vallada2015_large,600,20,540,31359,
vallada2015/Large/VFR600_20_2_Gap.txt,permutationflowshopschedulingmakespan,flow-shop,makespan,permutationflowshopschedulingmakespan_vallada2015_large,600,20,540,31372,
vallada2015/Large/VFR600_20_3_Gap.txt,permutationflowshopschedulingmakespan,flow-shop,makespan,permutationflowshopschedulingmakespan_vallada2015_large,600,20,540,31407,
vallada2015/Large/VFR600_20_4_Gap.txt,permutationflowshopschedulingmakespan,flow-shop,makespan,permutationflowshopschedulingmakespan_vallada2015_large,600,20,540,31480,
vallada2015/Large/VFR600_20_5_Gap.txt,permutationflowshopschedulingmakespan,flow-shop,makespan,permutationflowshopschedulingmakespan_vallada2015_large,600,20,540,31387,
vallada2015/Large/VFR600_20_6_Gap.txt,permutationflowshopschedulingmakespan,flow-shop,makespan,permutationflowshopschedulingmakespan_vallada2015_large,600,20,540,31523,
vallada2015/Large/VFR600_20_7_Gap.txt,permutationflowshopschedulingmakespan,flow-shop,makespan,permutationflowshopschedulingmakespan_vallada2015_large,600,20,540,31483,
vallada2015/Large/VFR600_20_8_Gap.txt,permutationflowshopschedulingmakespan,flow-shop,makespan,permutationflowshopschedulingmakespan_vallada2015_large,600,20,540,31107,
vallada2015/Large/VFR600_20_9_Gap.txt,permutationflowshopschedulingmakespan,flow-shop,makespan,permutationflowshopschedulingmakespan_vallada2015_large,600,20,540,31397,
vallada2015/Large/VFR600_20_10_Gap.txt,permutationflowshopschedulingmakespan,flow-shop,makespan,permutationflowshopschedulingmakespan_vallada2015_large,600,20,540,31107,
vallada2015/Large/VFR600_40_1_Gap.txt,permutationflowshopschedulingmakespan,flow-shop,makespan,permutationflowshopschedulingmakespan_vallada2015_large,600,40,1080,33618,
vallada2015/Large/VFR600_40_2_Gap.txt,permutationflowshopschedulingmakespan,flow-shop,makespan,permutationflowshopschedulingmakespan_vallada2015_large,600,40,1080,33356,
vallada2015/Large/VFR600_40_3_Gap.txt,permutationflowshopschedulingmakespan,flow-shop,makespan,permutationflowshopschedulingmakespan_vallada2015_large,600,40,1080,33401,
vallada2015/Large/VFR600_40_4_Gap.txt,permutationflowshopschedulingmakespan,flow-shop,makespan,permutationflowshopschedulingmakespan_vallada2015_large,600,40,1080,33477,
vallada2015/Large/VFR600_40_5_Gap.txt,permutationflowshopschedulingmakespan,flow-shop,makespan,permutationflowshopschedulingmakespan_vallada2015_large,600,40,1080,33307,
vallada2015/Large/VFR600_40_6_Gap.txt,permutationflowshopschedulingmakespan,flow-shop,makespan,permutationflowshopschedulingmakespan_vallada2015_large,600,40,1080,33298,
vallada2015/Large/VFR600_40_7_Gap.txt,permutationflowshopschedulingmakespan,flow-shop,makespan,permutationflowshopschedulingmakespan_vallada2015_large,600,40,1080,33492,
vallada2015/Large/VFR600_40_8_Gap.txt,permutationflowshopschedulingmakespan,flow-shop,makespan,permutationflowshopschedulingmakespan_vallada2015_large,600,40,1080,33282,
vallada2015/Large/VFR600_40_9_Gap.txt,permutationflowshopschedulingmakespan,flow-shop,makespan,permutationflowshopschedulingmakespan_vallada2015_large,600,40,1080,33405,
vallada2015/Large/VFR600_40_10_Gap.txt,permutationflowshopschedulingmakespan,flow-shop,makespan,permutationflowshopschedulingmakespan_vallada2015_large,600,40,1080,33396,
vallada2015/Large/VFR600_60_1_Gap.txt,permutationflowshopschedulingmakespan,flow-shop,makespan,permutationflowshopschedulingmakespan_vallada2015_large,600,60,1620,35863,
vallada2015/Large/VFR600_60_2_Gap.txt,permutationflowshopschedulingmakespan,flow-shop,makespan,permutationflowshopschedulingmakespan_vallada2015_large,600,60,1620,35791,
vallada2015/Large/VFR600_60_3_Gap.txt,permutationflowshopschedulingmakespan,flow-shop,makespan,permutationflowshopschedulingmakespan_vallada2015_large,600,60,1620,35896,
vallada2015/Large/VFR600_60_4_Gap.txt,permutationflowshopschedulingmakespan,flow-shop,makespan,permutationflowshopschedulingmakespan_vallada2015_large,600,60,1620,35883,
vallada2015/Large/VFR600_60_5_Gap.txt,permutationflowshopschedulingmakespan,flow-shop,makespan,permutationflowshopschedulingmakespan_vallada2015_large,600,60,1620,35929,
vallada2015/Large/VFR600_60_6_Gap.txt,permutationflowshopschedulingmakespan,flow-shop,makespan,permutationflowshopschedulingmakespan_vallada2015_large,600,60,1620,35828,
vallada2015/Large/VFR600_60_7_Gap.txt,permutationflowshopschedulingmakespan,flow-shop,makespan,permutationflowshopschedulingmakespan_vallada2015_large,600,60,1620,35882,
vallada2015/Large/VFR600_60_8_Gap.txt,permutationflowshopschedulingmakespan,flow-shop,makespan,permutationflowshopschedulingmakespan_vallada2015_large,600,60,1620,35784,
vallada2015/Large/VFR600_60_9_Gap.txt,permutationflowshopschedulingmakespan,flow-shop,makespan,permutationflowshopschedulingmakespan_vallada2015_large,600,60,1620,35923,
vallada2015/Large/VFR600_60_10_Gap.txt,permutationflowshopschedulingmakespan,flow-shop,makespan,permutationflowshopschedulingmakespan_vallada2015_large,600,60,1620,35804,
vallada2015/Large/VFR700_20_1_Gap.txt,permutationflowshopschedulingmakespan,flow-shop,makespan,permutationflowshopschedulingmakespan_vallada2015_large,700,20,630,36354,
vallada2015/Large/VFR700_20_2_Gap.txt,permutationflowshopschedulingmakespan,flow-shop,makespan,permutationflowshopschedulingmakespan_vallada2015_large,700,20,630,36303,
vallada2015/Large/VFR700_20_3_Gap.txt,permutationflowshopschedulingmakespan,flow-shop,makespan,permutationflowshopschedulingmakespan_vallada2015_large,700,20,630,36487,
vallada2015/Large/VFR700_20_4_Gap.txt,permutationflowshopschedulingmakespan,flow-shop,makespan,permutationflowshopschedulingmakespan_vallada2015_large,700,20,630,36379,
vallada2015/Large/VFR700_20_5_Gap.txt,permutationflowshopschedulingmakespan,flow-shop,makespan,permutationflowshopschedulingmakespan_vallada2015_large,700,20,630,36547,
vallada2015/Large/VFR700_20_6_Gap.txt,permutationflowshopschedulingmakespan,flow-shop,makespan,permutationflowshopschedulingmakespan_vallada2015_large,700,20,630,36492,
vallada2015/Large/VFR700_20_7_Gap.txt,permutationflowshopschedulingmakespan,flow-shop,makespan,permutationflowshopschedulingmakespan_vallada2015_large,700,20,630,36315,
vallada2015/Large/VFR700_20_8_Gap.txt,permutationflowshopschedulingmakespan,flow-shop,makespan,permutationflowshopschedulingmakespan_vallada2015_large,700,20,630,36386,
vallada2015/Large/VFR700_20_9_Gap.txt,permutationflowshopschedulingmakespan,flow-shop,makespan,permutationflowshopschedulingmakespan_vallada2015_large,700,20,630,36290,
vallada2015/Large/VFR700_20_10_Gap.txt,permutationflowshopschedulingmakespan,flow-shop,makespan,permutationflowshopschedulingmakespan_vallada2015_large,700,20,630,36376,
vallada2015/Large/VFR700_40_1_Gap.txt,permutationflowshopschedulingmakespan,flow-shop,makespan,permutationflowshopschedulingmakespan_vallada2015_large,700,40,1260,38720,
vallada2015/Large/VFR700_40_2_Gap.txt,permutationflowshopschedulingmakespan,flow-shop,makespan,permutationflowshopschedulingmakespan_vallada2015_large,700,40,1260,38499,
vallada2015/Large/VFR700_40_3_Gap.txt,permutationflowshopschedulingmakespan,flow-shop,makespan,permutationflowshopschedulingmakespan_vallada2015_large,700,40,1260,38393,
vallada2015/Large/VFR700_40_4_Gap.txt,permutationflowshopschedulingmakespan,flow-shop,makespan,permutationflowshopschedulingmakespan_vallada2015_large,700,40,1260,38440,
vallada2015/Large/VFR700_40_5_Gap.txt,permutationflowshopschedulingmakespan,flow-shop,makespan,permutationflowshopschedulingmakespan_vallada2015_large,700,40,1260,38355,
vallada2015/Large/VFR700_40_6_Gap.txt,permutationflowshopschedulingmakespan,flow-shop,makespan,permutationflowshopschedulingmakespan_vallada2015_large,700,40,1260,38336,
vallada2015/Large/VFR700_40_7_Gap.txt,permutationflowshopschedulingmakespan,flow-shop,makespan,permutationflowshopschedulingmakespan_vallada2015_large,700,40,1260,38287,
vallada2015/Large/VFR700_40_8_Gap.txt,permutationflowshopschedulingmakespan,flow-shop,makespan,permutationflowshopschedulingmakespan_vallada2015_large,700,40,1260,38712,
vallada2015/Large/VFR700_40_9_Gap.txt,permutationflowshopschedulingmakespan,flow-shop,makespan,permutationflowshopschedulingmakespan_vallada2015_large,700,40,1260,38452,
vallada2015/Large/VFR700_40_10_Gap.txt,permutationflowshopschedulingmakespan,flow-shop,makespan,permutationflowshopschedulingmakespan_vallada2015_large,700,40,1260,38460,
vallada2015/Large/VFR700_60_1_Gap.txt,permutationflowshopschedulingmakespan,flow-shop,makespan,permutationflowshopschedulingmakespan_vallada2015_large,700,60,1890,41125,
vallada2015/Large/VFR700_60_2_Gap.txt,permutationflowshopschedulingmakespan,flow-shop,makespan,permutationflowshopschedulingmakespan_vallada2015_large,700,60,1890,41008,
vallada2015/Large/VFR700_60_3_Gap.txt,permutationflowshopschedulingmakespan,flow-shop,makespan,permutationflowshopschedulingmakespan_vallada2015_large,700,60,1890,40961,
vallada2015/Large/VFR700_60_4_Gap.txt,permutationflowshopschedulingmakespan,flow-shop,makespan,permutationflowshopschedulingmakespan_vallada2015_large,700,60,1890,41070,
vallada2015/Large/VFR700_60_5_Gap.txt,permutationflowshopschedulingmakespan,flow-shop,makespan,permutationflowshopschedulingmakespan_vallada2015_large,700,60,1890,40734,
vallada2015/Large/VFR700_60_6_Gap.txt,permutationflowshopschedulingmakespan,flow-shop,makespan,permutationflowshopschedulingmakespan_vallada2015_large,700,60,1890,40994,
vallada2015/Large/VFR700_60_7_Gap.txt,permutationflowshopschedulingmakespan,flow-shop,makespan,permutationflowshopschedulingmakespan_vallada2015_large,700,60,1890,40572,
vallada2015/Large/VFR700_60_8_Gap.txt,permutationflowshopschedulingmakespan,flow-shop,makespan,permutationflowshopschedulingmakespan_vallada2015_large,700,60,1890,41121,
vallada2015/Large/VFR700_60_9_Gap.txt,permutationflowshopschedulingmakespan,flow-shop,makespan,permutationflowshopschedulingmakespan_vallada2015_large,700,60,1890,40930,
vallada2015/Large/VFR700_60_10_Gap.txt,permutationflowshopschedulingmakespan,flow-shop,makespan,permutationflowshopschedulingmakespan_vallada2015_large,700,60,1890,41093,
vallada2015/Large/VFR800_20_1_Gap.txt,permutationflowshopschedulingmakespan,flow-shop,makespan,permutationflowshopschedulingmakespan_vallada2015_large,800,20,720,41477,
vallada2015/Large/VFR800_20_2_Gap.txt,permutationflowshopschedulingmakespan,flow-shop,makespan,permutationflowshopschedulingmakespan_vallada2015_large,800,20,720,41337,
vallada2015/Large/VFR800_20_3_Gap.txt,permutationflowshopschedulingmakespan,flow-shop,makespan,permutationflowshopschedulingmakespan_vallada2015_large,800,20,720,41362,
vallada2015/Large/VFR800_20_4_Gap.txt,permutationflowshopschedulingmakespan,flow-shop,makespan,permutationflowshopschedulingmakespan_vallada2015_large,800,20,720,41426,
vallada2015/Large/VFR800_20_5_Gap.txt,permutationflowshopschedulingmakespan,flow-shop,makespan,permutationflowshopschedulingmakespan_vallada2015_large,800,20,720,41395,
vallada2015/Large/VFR800_20_6_Gap.txt,permutationflowshopschedulingmakespan,flow-shop,makespan,permutationflowshopschedulingmakespan_vallada2015_large,800,20,720,41435,
vallada2015/Large/VFR800_20_7_Gap.txt,permutationflowshopschedulingmakespan,flow-shop,makespan,permutationflowshopschedulingmakespan_vallada2015_large,800,20,720,41379,
vallada2015/Large/VFR800_20_8_Gap.txt,permutationflowshopschedulingmakespan,flow-shop,makespan,permutationflowshopschedulingmakespan_vallada2015_large,800,20,720,41429,
vallada2015/Large/VFR800_20_9_Gap.txt,permutationflowshopschedulingmakespan,flow-shop,makespan,permutationflowshopschedulingmakespan_vallada2015_large,800,20,720,41345,
vallada2015/Large/VFR800_20_10_Gap.txt,permutationflowshopschedulingmakespan,flow-shop,makespan,permutationflowshopschedulingmakespan_vallada2015_large,800,20,720,41399,
vallada2015/Large/VFR800_40_1_Gap.txt,permutationflowshopschedulingmakespan,flow-shop,makespan,permutationflowshopschedulingmakespan_vallada2015_large,800,40,1440,43456,
vallada2015/Large/VFR800_40_2_Gap.txt,permutationflowshopschedulingmakespan,flow-shop,makespan,permutationflowshopschedulingmakespan_vallada2015_large,800,40,1440,43483,
vallada2015/Large/VFR800_40_3_Gap.txt,permutationflowshopschedulingmakespan,flow-shop,makespan,permutationflowshopschedulingmakespan_vallada2015_large,800,40,1440,43512,
vallada2015/Large/VFR800_40_4_Gap.txt,permutationflowshopschedulingmakespan,flow-shop,makespan,permutationflowshopschedulingmakespan_vallada2015_large,800,40,1440,43557,
vallada2015/Large/VFR800_40_5_Gap.txt,permutationflowshopschedulingmakespan,flow-shop,makespan,permutationflowshopschedulingmakespan_vallada2015_large,800,40,1440,43484,
vallada2015/Large/VFR800_40_6_Gap.txt,permutationflowshopschedulingmakespan,flow-shop,makespan,permutationflowshopschedulingmakespan_vallada2015_large,800,40,1440,43549,
vallada2015/Large/VFR800_40_7_Gap.txt,permutationflowshopschedulingmakespan,flow-shop,makespan,permutationflowshopschedulingmakespan_vallada2015_large,800,40,1440,43458,
vallada2015/Large/VFR800_40_8_Gap.txt,permutationflowshopschedulingmakespan,flow-shop,makespan,permutationflowshopschedulingmakespan_vallada2015_large,800,40,1440,43548,
vallada2015/Large/VFR800_40_9_Gap.txt,permutationflowshopschedulingmakespan,flow-shop,makespan,permutationflowshopschedulingmakespan_vallada2015_large,800,40,1440,43497,
vallada2015/Large/VFR800_40_10_Gap.txt,permutationflowshopschedulingmakespan,flow-shop,makespan,permutationflowshopschedulingmakespan_vallada2015_large,800,40,1440,43592,
vallada2015/Large/VFR800_60_1_Gap.txt,permutationflowshopschedulingmakespan,flow-shop,makespan,permutationflowshopschedulingmakespan_vallada2015_large,800,60,2160,46130,
vallada2015/Large/VFR800_60_2_Gap.txt,permutationflowshopschedulingmakespan,flow-shop,makespan,permutationflowshopschedulingmakespan_vallada2015_large,800,60,2160,46164,
vallada2015/Large/VFR800_60_3_Gap.txt,permutationflowshopschedulingmakespan,flow-shop,makespan,permutationflowshopschedulingmakespan_vallada2015_large,800,60,2160,46108,
vallada2015/Large/VFR800_60_4_Gap.txt,permutationflowshopschedulingmakespan,flow-shop,makespan,permutationflowshopschedulingmakespan_vallada2015_large,800,60,2160,46035,
vallada2015/Large/VFR800_60_5_Gap.txt,permutationflowshopschedulingmakespan,flow-shop,makespan,permutationflowshopschedulingmakespan_vallada2015_large,800,60,2160,46061,
vallada2015/Large/VFR800_60_6_Gap.txt,permutationflowshopschedulingmakespan,flow-shop,makespan,permutationflowshopschedulingmakespan_vallada2015_large,800,60,2160,46110,
vallada2015/Large/VFR800_60_7_Gap.txt,permutationflowshopschedulingmakespan,flow-shop,makespan,permutationflowshopschedulingmakespan_vallada2015_large,800,60,2160,45986,
vallada2015/Large/VFR800_60_8_Gap.txt,permutationflowshopschedulingmakespan,flow-shop,makespan,permutationflowshopschedulingmakespan_vallada2015_large,800,60,2160,46136,
vallada2015/Large/VFR800_60_9_Gap.txt,permutationflowshopschedulingmakespan,flow-shop,makespan,permutationflowshopschedulingmakespan_vallada2015_large,800,60,2160,46226,
vallada2015/Large/VFR800_60_10_Gap.txt,permutationflowshopschedulingmakespan,flow-shop,makespan,permutationflowshopschedulingmakespan_vallada2015_large,800,60,2160,46004,
